{"cameraMode":{"drawMode":0,"name":"Shaded","section":"Shading Mode"},"sceneLighting":true,"audioPlay":false,"sceneViewState":{"showFog":true,"showMaterialUpdate":false,"showSkybox":true,"showFlares":true,"showImageEffects":true,"showParticleSystems":true},"in2DMode":false,"pivot":{"x":-150.2892303466797,"y":-87.73883056640625,"z":256.8167419433594},"rotation":{"x":-0.20329535007476808,"y":0.7317571640014648,"z":-0.24722382426261903,"w":-0.6017333269119263},"size":879.891845703125,"orthographic":false}