{"cameraMode":{"drawMode":0,"name":"Shaded","section":"Shading Mode"},"sceneLighting":true,"audioPlay":false,"sceneViewState":{"showFog":true,"showMaterialUpdate":false,"showSkybox":true,"showFlares":true,"showImageEffects":true,"showParticleSystems":true},"in2DMode":false,"pivot":{"x":-37.06224060058594,"y":-8.713702201843262,"z":5074.2578125},"rotation":{"x":-0.00674485694617033,"y":0.9929140210151672,"z":-0.095924012362957,"w":-0.06981619447469711},"size":462.3887939453125,"orthographic":false}