{"cameraMode":{"drawMode":0,"name":"Shaded","section":"Shading Mode"},"sceneLighting":true,"audioPlay":false,"sceneViewState":{"showFog":true,"showMaterialUpdate":false,"showSkybox":true,"showFlares":true,"showImageEffects":true,"showParticleSystems":true},"in2DMode":false,"pivot":{"x":64.1548080444336,"y":64.06791687011719,"z":1265.4923095703125},"rotation":{"x":-0.18190720677375794,"y":0.7368444800376892,"z":-0.21852810680866242,"w":-0.6133641004562378},"size":2462.120849609375,"orthographic":false}