{"cameraMode":{"drawMode":0,"name":"Shaded","section":"Shading Mode"},"sceneLighting":true,"audioPlay":false,"sceneViewState":{"showFog":true,"showMaterialUpdate":false,"showSkybox":true,"showFlares":true,"showImageEffects":true,"showParticleSystems":true},"in2DMode":false,"pivot":{"x":84.39436340332031,"y":102.76812744140625,"z":2883.468994140625},"rotation":{"x":-0.0795995444059372,"y":0.19810795783996583,"z":-0.016143592074513437,"w":-0.9768094420433044},"size":256.0931091308594,"orthographic":false}