{"cameraMode":{"drawMode":0,"name":"Shaded","section":"Shading Mode"},"sceneLighting":true,"audioPlay":false,"sceneViewState":{"showFog":true,"showMaterialUpdate":false,"showSkybox":true,"showFlares":true,"showImageEffects":true,"showParticleSystems":true},"in2DMode":false,"pivot":{"x":-57.39476013183594,"y":-93.57701110839844,"z":5649.2236328125},"rotation":{"x":-0.09159757196903229,"y":0.04240495339035988,"z":-0.0039041531272232534,"w":-0.9948855042457581},"size":762.746826171875,"orthographic":false}