{"cameraMode":{"drawMode":0,"name":"Shaded","section":"Shading Mode"},"sceneLighting":true,"audioPlay":false,"sceneViewState":{"showFog":true,"showMaterialUpdate":false,"showSkybox":true,"showFlares":true,"showImageEffects":true,"showParticleSystems":true},"in2DMode":false,"pivot":{"x":1.2816729545593262,"y":1.680044412612915,"z":16.335567474365236},"rotation":{"x":-0.14355146884918214,"y":0.2813986539840698,"z":-0.042618393898010257,"w":-0.9478349685668945},"size":14.753242492675782,"orthographic":false}