{"cameraMode":{"drawMode":0,"name":"Shaded","section":"Shading Mode"},"sceneLighting":true,"audioPlay":false,"sceneViewState":{"showFog":true,"showMaterialUpdate":false,"showSkybox":true,"showFlares":true,"showImageEffects":true,"showParticleSystems":true},"in2DMode":false,"pivot":{"x":-52.315895080566409,"y":-58.76050567626953,"z":93.64370727539063},"rotation":{"x":-0.368552565574646,"y":0.4362882077693939,"z":-0.20210616290569306,"w":-0.79559725522995},"size":151.05551147460938,"orthographic":false}