{"cameraMode":{"drawMode":0,"name":"Shaded","section":"Shading Mode"},"sceneLighting":true,"audioPlay":false,"sceneViewState":{"showFog":true,"showMaterialUpdate":false,"showSkybox":true,"showFlares":true,"showImageEffects":true,"showParticleSystems":true},"in2DMode":false,"pivot":{"x":37.79175567626953,"y":84.76583862304688,"z":5139.20458984375},"rotation":{"x":0.045943766832351688,"y":-0.09963056445121765,"z":-0.004605308175086975,"w":-0.9939530491828919},"size":513.0430908203125,"orthographic":false}