{"cameraMode":{"drawMode":0,"name":"Shaded","section":"Shading Mode"},"sceneLighting":true,"audioPlay":false,"sceneViewState":{"showFog":true,"showMaterialUpdate":false,"showSkybox":true,"showFlares":true,"showImageEffects":true,"showParticleSystems":true},"in2DMode":false,"pivot":{"x":33.921695709228519,"y":32.34027862548828,"z":5181.359375},"rotation":{"x":-0.04071108251810074,"y":-0.06530177593231201,"z":0.002666437765583396,"w":-0.9970312714576721},"size":212.07069396972657,"orthographic":false}