{"cameraMode":{"drawMode":0,"name":"Shaded","section":"Shading Mode"},"sceneLighting":true,"audioPlay":false,"sceneViewState":{"showFog":true,"showMaterialUpdate":false,"showSkybox":true,"showFlares":true,"showImageEffects":true,"showParticleSystems":true},"in2DMode":false,"pivot":{"x":-36.64384460449219,"y":-9.584942817687989,"z":-3.922992706298828},"rotation":{"x":-0.11488761007785797,"y":0.5338366627693176,"z":-0.07349313795566559,"w":-0.8345165848731995},"size":132.02569580078126,"orthographic":false}