{"cameraMode":{"drawMode":0,"name":"Shaded","section":"Shading Mode"},"sceneLighting":true,"audioPlay":false,"sceneViewState":{"showFog":true,"showMaterialUpdate":false,"showSkybox":true,"showFlares":true,"showImageEffects":true,"showParticleSystems":true},"in2DMode":false,"pivot":{"x":-19.560321807861329,"y":54.625152587890628,"z":3138.305908203125},"rotation":{"x":-0.028781360015273095,"y":0.04106852412223816,"z":-0.0011835850309580565,"w":-0.9987409114837647},"size":256.0931091308594,"orthographic":false}