{"cameraMode":{"drawMode":0,"name":"Shaded","section":"Shading Mode"},"sceneLighting":false,"audioPlay":false,"sceneViewState":{"showFog":true,"showMaterialUpdate":false,"showSkybox":false,"showFlares":true,"showImageEffects":true,"showParticleSystems":true},"in2DMode":false,"pivot":{"x":-0.010120868682861328,"y":-0.32260847091674807,"z":0.030272960662841798},"rotation":{"x":-0.12813781201839448,"y":-0.7893308997154236,"z":0.17618326842784882,"w":-0.5740538239479065},"size":46.60623550415039,"orthographic":false}