{"cameraMode":{"drawMode":0,"name":"Shaded","section":"Shading Mode"},"sceneLighting":false,"audioPlay":false,"sceneViewState":{"showFog":true,"showMaterialUpdate":false,"showSkybox":false,"showFlares":true,"showImageEffects":true,"showParticleSystems":true},"in2DMode":false,"pivot":{"x":-809.61328125,"y":-345.3855285644531,"z":12318.8740234375},"rotation":{"x":-0.11974844336509705,"y":-0.7069575786590576,"z":0.12340276688337326,"w":-0.6860558390617371},"size":248.56503295898438,"orthographic":false}