{"cameraMode":{"drawMode":0,"name":"Shaded","section":"Shading Mode"},"sceneLighting":false,"audioPlay":false,"sceneViewState":{"showFog":true,"showMaterialUpdate":false,"showSkybox":false,"showFlares":true,"showImageEffects":true,"showParticleSystems":true},"in2DMode":false,"pivot":{"x":8.004152297973633,"y":10.172662734985352,"z":123.12049102783203},"rotation":{"x":-0.05128665268421173,"y":-0.34192875027656557,"z":0.018682124093174936,"w":-0.9381626844406128},"size":28.797252655029298,"orthographic":false}