{"cameraMode":{"drawMode":0,"name":"Shaded","section":"Shading Mode"},"sceneLighting":true,"audioPlay":false,"sceneViewState":{"showFog":true,"showMaterialUpdate":false,"showSkybox":true,"showFlares":true,"showImageEffects":true,"showParticleSystems":true},"in2DMode":false,"pivot":{"x":115.46392059326172,"y":47.6732177734375,"z":2629.044677734375},"rotation":{"x":-0.01826205849647522,"y":-0.07133033126592636,"z":0.001307744882069528,"w":-0.9972928166389465},"size":1066.4818115234375,"orthographic":false}