{"cameraMode":{"drawMode":0,"name":"Shaded","section":"Shading Mode"},"sceneLighting":false,"audioPlay":false,"sceneViewState":{"showFog":true,"showMaterialUpdate":false,"showSkybox":false,"showFlares":true,"showImageEffects":true,"showParticleSystems":true},"in2DMode":false,"pivot":{"x":-824.4592895507813,"y":-310.5843200683594,"z":41526.8125},"rotation":{"x":-0.07515189051628113,"y":-0.5052494406700134,"z":0.044227007776498798,"w":-0.8585739135742188},"size":274.9316101074219,"orthographic":false}