{"cameraMode":{"drawMode":0,"name":"Shaded","section":"Shading Mode"},"sceneLighting":true,"audioPlay":false,"sceneViewState":{"showFog":true,"showMaterialUpdate":false,"showSkybox":true,"showFlares":true,"showImageEffects":true,"showParticleSystems":true},"in2DMode":false,"pivot":{"x":-0.5155029296875,"y":25.605743408203126,"z":71598.9296875},"rotation":{"x":-0.036639828234910968,"y":-0.6214162111282349,"z":0.029105139896273614,"w":-0.7821066379547119},"size":501.2578125,"orthographic":false}