{"cameraMode":{"drawMode":0,"name":"Shaded","section":"Shading Mode"},"sceneLighting":false,"audioPlay":false,"sceneViewState":{"showFog":true,"showMaterialUpdate":false,"showSkybox":false,"showFlares":true,"showImageEffects":true,"showParticleSystems":true},"in2DMode":false,"pivot":{"x":0.30000001192092898,"y":6.599999904632568,"z":3.0415141582489015},"rotation":{"x":-0.06950236111879349,"y":-0.6759663224220276,"z":0.06427798420190811,"w":-0.730851948261261},"size":22.0,"orthographic":false}