{"cameraMode":{"drawMode":0,"name":"Shaded","section":"Shading Mode"},"sceneLighting":false,"audioPlay":false,"sceneViewState":{"showFog":true,"showMaterialUpdate":false,"showSkybox":false,"showFlares":true,"showImageEffects":true,"showParticleSystems":true},"in2DMode":false,"pivot":{"x":-703.8906860351563,"y":-348.4297790527344,"z":-4686.4306640625},"rotation":{"x":-0.09928520768880844,"y":-0.2848004996776581,"z":0.029673883691430093,"w":-0.9529852867126465},"size":407.47760009765627,"orthographic":false}