{"cameraMode":{"drawMode":0,"name":"Shaded","section":"Shading Mode"},"sceneLighting":true,"audioPlay":false,"sceneViewState":{"showFog":true,"showMaterialUpdate":false,"showSkybox":true,"showFlares":true,"showImageEffects":true,"showParticleSystems":true},"in2DMode":false,"pivot":{"x":-93.62275695800781,"y":38.7226448059082,"z":99825.0859375},"rotation":{"x":-0.19976995885372163,"y":-0.6910800337791443,"z":0.20834344625473023,"w":-0.6626413464546204},"size":315.7945556640625,"orthographic":false}