{"cameraMode":{"drawMode":0,"name":"Shaded","section":"Shading Mode"},"sceneLighting":true,"audioPlay":false,"sceneViewState":{"showFog":true,"showMaterialUpdate":false,"showSkybox":true,"showFlares":true,"showImageEffects":true,"showParticleSystems":true},"in2DMode":false,"pivot":{"x":67.059814453125,"y":14.047388076782227,"z":5505.68994140625},"rotation":{"x":-0.10311610251665116,"y":-0.5250642895698547,"z":0.06427613645792008,"w":-0.8423437476158142},"size":192.36248779296876,"orthographic":false}