{"cameraMode":{"drawMode":0,"name":"Shaded","section":"Shading Mode"},"sceneLighting":true,"audioPlay":false,"sceneViewState":{"showFog":true,"showMaterialUpdate":false,"showSkybox":true,"showFlares":true,"showImageEffects":true,"showParticleSystems":true},"in2DMode":false,"pivot":{"x":57.124691009521487,"y":46.69468688964844,"z":77.02336120605469},"rotation":{"x":-0.05508209019899368,"y":-0.34830206632614138,"z":0.02050716243684292,"w":-0.9355376362800598},"size":223.11407470703126,"orthographic":false}