{"cameraMode":{"drawMode":0,"name":"Shaded","section":"Shading Mode"},"sceneLighting":true,"audioPlay":false,"sceneViewState":{"showFog":true,"showMaterialUpdate":false,"showSkybox":true,"showFlares":true,"showImageEffects":true,"showParticleSystems":true},"in2DMode":false,"pivot":{"x":85.34918212890625,"y":23.731170654296876,"z":985.5914306640625},"rotation":{"x":-0.08436915278434754,"y":0.871589183807373,"z":-0.16158461570739747,"w":-0.45508769154548647},"size":1225.2681884765625,"orthographic":false}