{"cameraMode":{"drawMode":0,"name":"Shaded","section":"Shading Mode"},"sceneLighting":true,"audioPlay":false,"sceneViewState":{"showFog":true,"showMaterialUpdate":false,"showSkybox":true,"showFlares":true,"showImageEffects":true,"showParticleSystems":true},"in2DMode":false,"pivot":{"x":3.059732675552368,"y":4.039980411529541,"z":15.776579856872559},"rotation":{"x":-0.019532442092895509,"y":0.1662881225347519,"z":-0.0032945207785815,"w":-0.9858784079551697},"size":10.0,"orthographic":false}